"country","gamma"
"Austria","25.089342428914"
"Belgium","15.8081115535367"
"Czechia","1.32236807651179"
"France","3.91896361422851"
"Germany","0.410976696949048"
"Hungary","1.18466605059283"
"Italy","1.60053771310132"
"Luxembourg","54.6684086264643"
"Netherlands","46.8945281081341"
"Poland","1.67636117204771"
"Slovakia","1.16932534945949"
"Spain","5.16084921984205"
